{"cameraMode":{"drawMode":0,"name":"Shaded","section":"Shading Mode"},"sceneLighting":true,"audioPlay":false,"sceneViewState":{"m_AlwaysRefresh":false,"showFog":true,"showSkybox":true,"showFlares":true,"showImageEffects":true,"showParticleSystems":true,"showVisualEffectGraphs":true,"m_FxEnabled":true},"in2DMode":false,"pivot":{"x":4.853063106536865,"y":3.362079620361328,"z":30.168994903564454},"rotation":{"x":-0.1135660856962204,"y":-0.004871774930506945,"z":0.0005544081795960665,"w":-0.9935499429702759},"size":25.202409744262697,"orthographic":false}